,Filename,Level,Original_Text,Normalized_Essay,Revised_Essay,tokens,token_count,TTR,Guiraud,pos,lemmas
1145,200607604,4,"				CEPA 4 200607604



In the Last holiday we went to the Kuwait. whith my Family, but my Father was so besy and he not come whith thim. but he told that he well com after Finishing his work.
I was very haPPy becouse I will travel by plane and I will sea my big brother who live there I was going to Kuwait to the First time , I sea there avery nice billiding , one day we go to the park which calld ""Shopes"",In the park I play the trane games, ships and deffrent XXX of games.then we eat the lunche Aftar that we swimming in the pool. In the next day we visted my family and took, eat,chat with him about him goles in life.
when I was indubai my hope was to sea(Jaber tower) in Kuwite
I told to my brother to take me to the (Jaber tower)
In Kuwait I make fraind  there.
the holiday was so wonderful in kuwait because it was
the First time to travel to the kuwait,and I will sea
there my big brother who don`t see him for 3 years,I saw
the lavly tower, I think it was wanderful becouse
we seat to gether,and we see the Family, I get
anew Freind there
","In the Last holiday we went to the Kuwait. whith my Family, but my Father was so besy and he not come whith thim. but he told that he well com after Finishing his work. I was very haPPy becouse I will travel by plane and I will sea my big brother who live there I was going to Kuwait to the First time , I sea there avery nice billiding , one day we go to the park which calld ""Shopes"",In the park I play the trane games, ships and deffrent XXX of games.then we eat the lunche Aftar that we swimming in the pool. In the next day we visted my family and took, eat,chat with him about him goles in life. when I was indubai my hope was to sea(Jaber tower) in Kuwite I told to my brother to take me to the (Jaber tower) In Kuwait I make fraind there. the holiday was so wonderful in kuwait because it was the First time to travel to the kuwait,and I will sea there my big brother who don`t see him for 3 years,I saw the lavly tower, I think it was wanderful becouse we seat to gether,and we see the Family, I get anew Freind there","In the Last holiday we went to the Kuwait. whith my Family, but my Father was so besy and he not come whith thim. but he told that he well com after Finishing his work. I was very haPPy becouse I will travel by plane and I will sea my big brother who live there I was going to Kuwait to the First time , I sea there avery nice billiding , one day we go to the park which calld ""Shopes"",In the park I play the trane games, ships and deffrent XXX of games.then we eat the lunche Aftar that we swimming in the pool. In the next day we visted my family and took, eat,chat with him about him goles in life. when I was indubai my hope was to sea(Jaber tower) in Kuwite I told to my brother to take me to the (Jaber tower) In Kuwait I make fraind there. the holiday was so wonderful in kuwait because it was the First time to travel to the kuwait,and I will sea there my big brother who don`t see him for 3 years,I saw the lavly tower, I think it was wanderful becouse we seat to gether,and we see the Family, I get anew Freind there","['In', 'the', 'Last', 'holiday', 'we', 'went', 'to', 'the', 'Kuwait', '.', 'whith', 'my', 'Family', ',', 'but', 'my', 'Father', 'was', 'so', 'besy', 'and', 'he', 'not', 'come', 'whith', 'thim', '.', 'but', 'he', 'told', 'that', 'he', 'well', 'com', 'after', 'Finishing', 'his', 'work', '.', 'I', 'was', 'very', 'haPPy', 'becouse', 'I', 'will', 'travel', 'by', 'plane', 'and', 'I', 'will', 'sea', 'my', 'big', 'brother', 'who', 'live', 'there', 'I', 'was', 'going', 'to', 'Kuwait', 'to', 'the', 'First', 'time', ',', 'I', 'sea', 'there', 'avery', 'nice', 'billiding', ',', 'one', 'day', 'we', 'go', 'to', 'the', 'park', 'which', 'calld', '``', 'Shopes', ""''"", ',', 'In', 'the', 'park', 'I', 'play', 'the', 'trane', 'games', ',', 'ships', 'and', 'deffrent', 'XXX', 'of', 'games.then', 'we', 'eat', 'the', 'lunche', 'Aftar', 'that', 'we', 'swimming', 'in', 'the', 'pool', '.', 'In', 'the', 'next', 'day', 'we', 'visted', 'my', 'family', 'and', 'took', ',', 'eat', ',', 'chat', 'with', 'him', 'about', 'him', 'goles', 'in', 'life', '.', 'when', 'I', 'was', 'indubai', 'my', 'hope', 'was', 'to', 'sea', '(', 'Jaber', 'tower', ')', 'in', 'Kuwite', 'I', 'told', 'to', 'my', 'brother', 'to', 'take', 'me', 'to', 'the', '(', 'Jaber', 'tower', ')', 'In', 'Kuwait', 'I', 'make', 'fraind', 'there', '.', 'the', 'holiday', 'was', 'so', 'wonderful', 'in', 'kuwait', 'because', 'it', 'was', 'the', 'First', 'time', 'to', 'travel', 'to', 'the', 'kuwait', ',', 'and', 'I', 'will', 'sea', 'there', 'my', 'big', 'brother', 'who', 'don', '`', 't', 'see', 'him', 'for', '3', 'years', ',', 'I', 'saw', 'the', 'lavly', 'tower', ',', 'I', 'think', 'it', 'was', 'wanderful', 'becouse', 'we', 'seat', 'to', 'gether', ',', 'and', 'we', 'see', 'the', 'Family', ',', 'I', 'get', 'anew', 'Freind', 'there']",239,0.4728033472803347,7.309362369090606,"[(In, 'IN'), (the, 'DT'), (Last, 'JJ'), (holiday, 'NN'), (we, 'PRP'), (went, 'VBD'), (to, 'IN'), (the, 'DT'), (Kuwait, 'NNP'), (., '.'), (whith, 'IN'), (my, 'PRP$'), (Family, 'NN'), (,, ','), (but, 'CC'), (my, 'PRP$'), (Father, 'NNP'), (was, 'VBD'), (so, 'RB'), (besy, 'JJ'), (and, 'CC'), (he, 'PRP'), (not, 'RB'), (come, 'VB'), (whith, 'IN'), (thim, 'PRP'), (., '.'), (but, 'CC'), (he, 'PRP'), (told, 'VBD'), (that, 'IN'), (he, 'PRP'), (well, 'RB'), (com, 'NN'), (after, 'IN'), (Finishing, 'VBG'), (his, 'PRP$'), (work, 'NN'), (., '.'), (I, 'PRP'), (was, 'VBD'), (very, 'RB'), (haPPy, 'JJ'), (becouse, 'NN'), (I, 'PRP'), (will, 'MD'), (travel, 'VB'), (by, 'IN'), (plane, 'NN'), (and, 'CC'), (I, 'PRP'), (will, 'MD'), (sea, 'VB'), (my, 'PRP$'), (big, 'JJ'), (brother, 'NN'), (who, 'WP'), (live, 'VBP'), (there, 'RB'), (I, 'PRP'), (was, 'VBD'), (going, 'VBG'), (to, 'IN'), (Kuwait, 'NNP'), (to, 'IN'), (the, 'DT'), (First, 'JJ'), (time, 'NN'), (,, ','), (I, 'PRP'), (sea, 'VBP'), (there, 'RB'), (avery, 'RB'), (nice, 'JJ'), (billiding, 'NN'), (,, ','), (one, 'CD'), (day, 'NN'), (we, 'PRP'), (go, 'VBP'), (to, 'IN'), (the, 'DT'), (park, 'NN'), (which, 'WDT'), (calld, 'VBZ'), ("", '``'), (Shopes"",In, 'VB'), (the, 'DT'), (park, 'NN'), (I, 'PRP'), (play, 'VBP'), (the, 'DT'), (trane, 'NN'), (games, 'NNS'), (,, ','), (ships, 'NNS'), (and, 'CC'), (deffrent, 'NN'), (XXX, 'NNP'), (of, 'IN'), (games.then, 'NFP'), (we, 'PRP'), (eat, 'VBP'), (the, 'DT'), (lunche, 'NN'), (Aftar, 'NNP'), (that, 'IN'), (we, 'PRP'), (swimming, 'VBG'), (in, 'IN'), (the, 'DT'), (pool, 'NN'), (., '.'), (In, 'IN'), (the, 'DT'), (next, 'JJ'), (day, 'NN'), (we, 'PRP'), (visted, 'VBD'), (my, 'PRP$'), (family, 'NN'), (and, 'CC'), (took, 'VBD'), (,, ','), (eat, 'VB'), (,, ','), (chat, 'VB'), (with, 'IN'), (him, 'PRP'), (about, 'IN'), (him, 'PRP'), (goles, 'VBZ'), (in, 'IN'), (life, 'NN'), (., '.'), (when, 'WRB'), (I, 'PRP'), (was, 'VBD'), (indubai, 'VBN'), (my, 'PRP$'), (hope, 'NN'), (was, 'VBD'), (to, 'IN'), (sea(Jaber, 'NNP'), (tower, 'NN'), (), '-RRB-'), (in, 'IN'), (Kuwite, 'NNP'), (I, 'PRP'), (told, 'VBD'), (to, 'IN'), (my, 'PRP$'), (brother, 'NN'), (to, 'TO'), (take, 'VB'), (me, 'PRP'), (to, 'IN'), (the, 'DT'), ((, '-LRB-'), (Jaber, 'NNP'), (tower, 'NN'), (), '-RRB-'), (In, 'IN'), (Kuwait, 'NNP'), (I, 'PRP'), (make, 'VBP'), (fraind, 'JJ'), (there, 'RB'), (., '.'), (the, 'DT'), (holiday, 'NN'), (was, 'VBD'), (so, 'RB'), (wonderful, 'JJ'), (in, 'IN'), (kuwait, 'NN'), (because, 'IN'), (it, 'PRP'), (was, 'VBD'), (the, 'DT'), (First, 'JJ'), (time, 'NN'), (to, 'TO'), (travel, 'VB'), (to, 'IN'), (the, 'DT'), (kuwait, 'NN'), (,, ','), (and, 'CC'), (I, 'PRP'), (will, 'MD'), (sea, 'VB'), (there, 'RB'), (my, 'PRP$'), (big, 'JJ'), (brother, 'NN'), (who, 'WP'), (don`t, 'VBZ'), (see, 'VBP'), (him, 'PRP'), (for, 'IN'), (3, 'CD'), (years, 'NNS'), (,, ','), (I, 'PRP'), (saw, 'VBD'), (the, 'DT'), (lavly, 'NN'), (tower, 'NN'), (,, ','), (I, 'PRP'), (think, 'VBP'), (it, 'PRP'), (was, 'VBD'), (wanderful, 'JJ'), (becouse, 'NN'), (we, 'PRP'), (seat, 'VBP'), (to, 'IN'), (gether, 'NN'), (,, ','), (and, 'CC'), (we, 'PRP'), (see, 'VBP'), (the, 'DT'), (Family, 'NNP'), (,, ','), (I, 'PRP'), (get, 'VBP'), (anew, 'RB'), (Freind, 'NNP'), (there, 'RB')]","['in', 'the', 'last', 'holiday', '-PRON-', 'go', 'to', 'the', 'kuwait', '.', 'whith', '-PRON-', 'family', ',', 'but', '-PRON-', 'father', 'be', 'so', 'besy', 'and', '-PRON-', 'not', 'come', 'whith', 'thim', '.', 'but', '-PRON-', 'tell', 'that', '-PRON-', 'well', 'com', 'after', 'finish', '-PRON-', 'work', '.', '-PRON-', 'be', 'very', 'happy', 'becouse', '-PRON-', 'will', 'travel', 'by', 'plane', 'and', '-PRON-', 'will', 'sea', '-PRON-', 'big', 'brother', 'who', 'live', 'there', '-PRON-', 'be', 'go', 'to', 'kuwait', 'to', 'the', 'first', 'time', ',', '-PRON-', 'sea', 'there', 'avery', 'nice', 'billiding', ',', 'one', 'day', '-PRON-', 'go', 'to', 'the', 'park', 'which', 'calld', '""', 'shopes"",in', 'the', 'park', '-PRON-', 'play', 'the', 'trane', 'game', ',', 'ship', 'and', 'deffrent', 'xxx', 'of', 'games.then', '-PRON-', 'eat', 'the', 'lunche', 'aftar', 'that', '-PRON-', 'swim', 'in', 'the', 'pool', '.', 'in', 'the', 'next', 'day', '-PRON-', 'vist', '-PRON-', 'family', 'and', 'take', ',', 'eat', ',', 'chat', 'with', '-PRON-', 'about', '-PRON-', 'gol', 'in', 'life', '.', 'when', '-PRON-', 'be', 'indubai', '-PRON-', 'hope', 'be', 'to', 'sea(jaber', 'tower', ')', 'in', 'kuwite', '-PRON-', 'tell', 'to', '-PRON-', 'brother', 'to', 'take', '-PRON-', 'to', 'the', '(', 'jaber', 'tower', ')', 'in', 'kuwait', '-PRON-', 'make', 'fraind', 'there', '.', 'the', 'holiday', 'be', 'so', 'wonderful', 'in', 'kuwait', 'because', '-PRON-', 'be', 'the', 'first', 'time', 'to', 'travel', 'to', 'the', 'kuwait', ',', 'and', '-PRON-', 'will', 'sea', 'there', '-PRON-', 'big', 'brother', 'who', 'don`t', 'see', '-PRON-', 'for', '3', 'year', ',', '-PRON-', 'see', 'the', 'lavly', 'tower', ',', '-PRON-', 'think', '-PRON-', 'be', 'wanderful', 'becouse', '-PRON-', 'seat', 'to', 'gether', ',', 'and', '-PRON-', 'see', 'the', 'family', ',', '-PRON-', 'get', 'anew', 'freind', 'there']"
1150,200605637,2,"				CEPA 2 200605637



I spend my Time in AlKhour Park its very nice Park and beutiFul place Because <o>its</o> a green land and<o>ma</o>ny player I went with my Family on Friday in last week .. in AlKour
",I spend my Time in AlKhour Park its very nice Park and beutiFul place Because _its_ a green land and_ma_ny player I went with my Family on Friday in last week .. in AlKour,I spend my Time in AlKhour Park its very nice Park and beutiFul place Because its a green land andmany player I went with my Family on Friday in last week .. in AlKour,"['I', 'spend', 'my', 'Time', 'in', 'AlKhour', 'Park', 'its', 'very', 'nice', 'Park', 'and', 'beutiFul', 'place', 'Because', 'its', 'a', 'green', 'land', 'andmany', 'player', 'I', 'went', 'with', 'my', 'Family', 'on', 'Friday', 'in', 'last', 'week', '..', 'in', 'AlKour']",34,0.8235294117647058,4.801960383990247,"[(I, 'PRP'), (spend, 'VBP'), (my, 'PRP$'), (Time, 'NN'), (in, 'IN'), (AlKhour, 'NNP'), (Park, 'NNP'), (its, 'PRP$'), (very, 'RB'), (nice, 'JJ'), (Park, 'NNP'), (and, 'CC'), (beutiFul, 'JJ'), (place, 'NN'), (Because, 'IN'), (its, 'PRP$'), (a, 'DT'), (green, 'JJ'), (land, 'NN'), (andmany, 'NN'), (player, 'NN'), (I, 'PRP'), (went, 'VBD'), (with, 'IN'), (my, 'PRP$'), (Family, 'NNP'), (on, 'IN'), (Friday, 'NNP'), (in, 'IN'), (last, 'JJ'), (week, 'NN'), (.., 'NFP'), (in, 'IN'), (AlKour, 'NNP')]","['-PRON-', 'spend', '-PRON-', 'time', 'in', 'alkhour', 'park', '-PRON-', 'very', 'nice', 'park', 'and', 'beutiful', 'place', 'because', '-PRON-', 'a', 'green', 'land', 'andmany', 'player', '-PRON-', 'go', 'with', '-PRON-', 'family', 'on', 'friday', 'in', 'last', 'week', '..', 'in', 'alkour']"
530,200606485,1,"				CEPA 1 200606485



My you have just had the worstholiday ever! Whereyou went the zoo and the fattpool whoyou wenttherewith and what happened and whyit was so bad. I`m no go to Pares and no plae food pooland to go scool ithe g no Mane noto cook no to sleping and nosemmingIm to holiday hape.
",My you have just had the worstholiday ever! Whereyou went the zoo and the fattpool whoyou wenttherewith and what happened and whyit was so bad. I`m no go to Pares and no plae food pooland to go scool ithe g no Mane noto cook no to sleping and nosemmingIm to holiday hape.,My you have just had the worstholiday ever! Whereyou went the zoo and the fattpool whoyou wenttherewith and what happened and whyit was so bad. I`m no go to Pares and no plae food pooland to go scool ithe g no Mane noto cook no to sleping and nosemmingIm to holiday hape.,"['My', 'you', 'have', 'just', 'had', 'the', 'worstholiday', 'ever', '!', 'Whereyou', 'went', 'the', 'zoo', 'and', 'the', 'fattpool', 'whoyou', 'wenttherewith', 'and', 'what', 'happened', 'and', 'whyit', 'was', 'so', 'bad', '.', 'I', '`', 'm', 'no', 'go', 'to', 'Pares', 'and', 'no', 'plae', 'food', 'pooland', 'to', 'go', 'scool', 'ithe', 'g', 'no', 'Mane', 'noto', 'cook', 'no', 'to', 'sleping', 'and', 'nosemmingIm', 'to', 'holiday', 'hape', '.']",57,0.7543859649122807,5.695489135379687,"[(My, 'PRP$'), (you, 'PRP'), (have, 'VBP'), (just, 'RB'), (had, 'VBN'), (the, 'DT'), (worstholiday, 'NN'), (ever, 'RB'), (!, '.'), (Whereyou, 'PRP'), (went, 'VBD'), (the, 'DT'), (zoo, 'NN'), (and, 'CC'), (the, 'DT'), (fattpool, 'JJ'), (whoyou, 'JJ'), (wenttherewith, 'NN'), (and, 'CC'), (what, 'WP'), (happened, 'VBD'), (and, 'CC'), (whyit, 'NN'), (was, 'VBD'), (so, 'RB'), (bad, 'JJ'), (., '.'), (I`m, 'VB'), (no, 'DT'), (go, 'NN'), (to, 'IN'), (Pares, 'NNS'), (and, 'CC'), (no, 'DT'), (plae, 'NN'), (food, 'NN'), (pooland, 'NN'), (to, 'TO'), (go, 'VB'), (scool, 'NN'), (ithe, 'DT'), (g, 'NN'), (no, 'DT'), (Mane, 'NNP'), (noto, 'NN'), (cook, 'NN'), (no, 'DT'), (to, 'IN'), (sleping, 'NN'), (and, 'CC'), (nosemmingIm, 'JJ'), (to, 'TO'), (holiday, 'VB'), (hape, 'JJ'), (., '.')]","['-PRON-', '-PRON-', 'have', 'just', 'have', 'the', 'worstholiday', 'ever', '!', 'whereyou', 'go', 'the', 'zoo', 'and', 'the', 'fattpool', 'whoyou', 'wenttherewith', 'and', 'what', 'happen', 'and', 'whyit', 'be', 'so', 'bad', '.', 'i`m', 'no', 'go', 'to', 'pare', 'and', 'no', 'plae', 'food', 'pooland', 'to', 'go', 'scool', 'ithe', 'g', 'no', 'mane', 'noto', 'cook', 'no', 'to', 'sleping', 'and', 'nosemmingim', 'to', 'holiday', 'hape', '.']"
609,200608078,1,"				CEPA 1 200608078



- Yoc  can  have just the people you ment  in the omen   you do in park  you ment there           sister   you  see     amd paly  Football was  so  wonderful
",Yoc can have just the people you ment in the omen you do in park you ment there sister you see amd paly Football was so wonderful,Yoc can have just the people you ment in the omen you do in park you ment there sister you see amd paly Football was so wonderful,"['Yoc', 'can', 'have', 'just', 'the', 'people', 'you', 'ment', 'in', 'the', 'omen', 'you', 'do', 'in', 'park', 'you', 'ment', 'there', 'sister', 'you', 'see', 'amd', 'paly', 'Football', 'was', 'so', 'wonderful']",27,0.7777777777777778,4.0414518843273814,"[(Yoc, 'NNP'), (can, 'MD'), (have, 'VB'), (just, 'RB'), (the, 'DT'), (people, 'NNS'), (you, 'PRP'), (ment, 'VBP'), (in, 'IN'), (the, 'DT'), (omen, 'NNS'), (you, 'PRP'), (do, 'VBP'), (in, 'IN'), (park, 'NN'), (you, 'PRP'), (ment, 'VBP'), (there, 'RB'), (sister, 'NN'), (you, 'PRP'), (see, 'VBP'), (amd, 'NN'), (paly, 'JJ'), (Football, 'NNP'), (was, 'VBD'), (so, 'RB'), (wonderful, 'JJ')]","['yoc', 'can', 'have', 'just', 'the', 'people', '-PRON-', 'ment', 'in', 'the', 'oman', '-PRON-', 'do', 'in', 'park', '-PRON-', 'ment', 'there', 'sister', '-PRON-', 'see', 'amd', 'paly', 'football', 'be', 'so', 'wonderful']"
983,200611134,2,"				CEPA 2 200611134



There are many thinks make about just had the perfact holiday.
Firest, just had the perfect holiday is fantestc. It help to me have now. I want to Sahara disert in the UAE. I wont there with farend, father, mathar and sisters. It saw is fantestc and entersting.
Then, It is unentersting and wonderful so that group you went there with, I describe you favourite disert is very hot. Next, it is very important in was sahara . It help agood interesting. It wont Like agood know about filt.
After there, It summer in the Sahara disert it very hot and sun. I live in the very cleimp in terasting. 
In sumup, There make just had the perfact holiday. Ican is fantestc, intersting and wonderful.
","There are many thinks make about just had the perfact holiday. Firest, just had the perfect holiday is fantestc. It help to me have now. I want to Sahara disert in the UAE. I wont there with farend, father, mathar and sisters. It saw is fantestc and entersting. Then, It is unentersting and wonderful so that group you went there with, I describe you favourite disert is very hot. Next, it is very important in was sahara . It help agood interesting. It wont Like agood know about filt. After there, It summer in the Sahara disert it very hot and sun. I live in the very cleimp in terasting. In sumup, There make just had the perfact holiday. Ican is fantestc, intersting and wonderful.","There are many thinks make about just had the perfact holiday. Firest, just had the perfect holiday is fantestc. It help to me have now. I want to Sahara disert in the UAE. I wont there with farend, father, mathar and sisters. It saw is fantestc and entersting. Then, It is unentersting and wonderful so that group you went there with, I describe you favourite disert is very hot. Next, it is very important in was sahara . It help agood interesting. It wont Like agood know about filt. After there, It summer in the Sahara disert it very hot and sun. I live in the very cleimp in terasting. In sumup, There make just had the perfact holiday. Ican is fantestc, intersting and wonderful.","['There', 'are', 'many', 'thinks', 'make', 'about', 'just', 'had', 'the', 'perfact', 'holiday', '.', 'Firest', ',', 'just', 'had', 'the', 'perfect', 'holiday', 'is', 'fantestc', '.', 'It', 'help', 'to', 'me', 'have', 'now', '.', 'I', 'want', 'to', 'Sahara', 'disert', 'in', 'the', 'UAE', '.', 'I', 'wont', 'there', 'with', 'farend', ',', 'father', ',', 'mathar', 'and', 'sisters', '.', 'It', 'saw', 'is', 'fantestc', 'and', 'entersting', '.', 'Then', ',', 'It', 'is', 'unentersting', 'and', 'wonderful', 'so', 'that', 'group', 'you', 'went', 'there', 'with', ',', 'I', 'describe', 'you', 'favourite', 'disert', 'is', 'very', 'hot', '.', 'Next', ',', 'it', 'is', 'very', 'important', 'in', 'was', 'sahara', '.', 'It', 'help', 'agood', 'interesting', '.', 'It', 'wont', 'Like', 'agood', 'know', 'about', 'filt', '.', 'After', 'there', ',', 'It', 'summer', 'in', 'the', 'Sahara', 'disert', 'it', 'very', 'hot', 'and', 'sun', '.', 'I', 'live', 'in', 'the', 'very', 'cleimp', 'in', 'terasting', '.', 'In', 'sumup', ',', 'There', 'make', 'just', 'had', 'the', 'perfact', 'holiday', '.', 'Ican', 'is', 'fantestc', ',', 'intersting', 'and', 'wonderful', '.']",147,0.4557823129251701,5.526066862243562,"[(There, 'EX'), (are, 'VBP'), (many, 'JJ'), (thinks, 'NNS'), (make, 'VB'), (about, 'IN'), (just, 'RB'), (had, 'VBN'), (the, 'DT'), (perfact, 'NN'), (holiday, 'NN'), (., '.'), (Firest, 'JJS'), (,, ','), (just, 'RB'), (had, 'VBD'), (the, 'DT'), (perfect, 'JJ'), (holiday, 'NN'), (is, 'VBZ'), (fantestc, 'NN'), (., '.'), (It, 'PRP'), (help, 'VBP'), (to, 'IN'), (me, 'PRP'), (have, 'VB'), (now, 'RB'), (., '.'), (I, 'PRP'), (want, 'VBP'), (to, 'IN'), (Sahara, 'NNP'), (disert, 'NN'), (in, 'IN'), (the, 'DT'), (UAE, 'NNP'), (., '.'), (I, 'PRP'), (wo, 'MD'), (nt, 'RB'), (there, 'RB'), (with, 'IN'), (farend, 'NN'), (,, ','), (father, 'NN'), (,, ','), (mathar, 'NN'), (and, 'CC'), (sisters, 'NNS'), (., '.'), (It, 'PRP'), (saw, 'VBD'), (is, 'VBZ'), (fantestc, 'NN'), (and, 'CC'), (entersting, 'NN'), (., '.'), (Then, 'RB'), (,, ','), (It, 'PRP'), (is, 'VBZ'), (unentersting, 'JJ'), (and, 'CC'), (wonderful, 'JJ'), (so, 'IN'), (that, 'DT'), (group, 'NN'), (you, 'PRP'), (went, 'VBD'), (there, 'RB'), (with, 'IN'), (,, ','), (I, 'PRP'), (describe, 'VBP'), (you, 'PRP'), (favourite, 'JJ'), (disert, 'NN'), (is, 'VBZ'), (very, 'RB'), (hot, 'JJ'), (., '.'), (Next, 'RB'), (,, ','), (it, 'PRP'), (is, 'VBZ'), (very, 'RB'), (important, 'JJ'), (in, 'IN'), (was, 'VBD'), (sahara, 'JJ'), (., '.'), (It, 'PRP'), (help, 'VBP'), (agood, 'NN'), (interesting, 'JJ'), (., '.'), (It, 'PRP'), (wo, 'MD'), (nt, 'RB'), (Like, 'UH'), (agood, 'NN'), (know, 'VBP'), (about, 'IN'), (filt, 'JJ'), (., '.'), (After, 'IN'), (there, 'RB'), (,, ','), (It, 'PRP'), (summer, 'NN'), (in, 'IN'), (the, 'DT'), (Sahara, 'NNP'), (disert, 'NN'), (it, 'PRP'), (very, 'RB'), (hot, 'JJ'), (and, 'CC'), (sun, 'NN'), (., '.'), (I, 'PRP'), (live, 'VBP'), (in, 'IN'), (the, 'DT'), (very, 'RB'), (cleimp, 'JJ'), (in, 'IN'), (terasting, 'NN'), (., '.'), (In, 'IN'), (sumup, 'NN'), (,, ','), (There, 'EX'), (make, 'VBP'), (just, 'RB'), (had, 'VBN'), (the, 'DT'), (perfact, 'NN'), (holiday, 'NN'), (., '.'), (Ican, 'NNP'), (is, 'VBZ'), (fantestc, 'NN'), (,, ','), (intersting, 'NN'), (and, 'CC'), (wonderful, 'JJ'), (., '.')]","['there', 'be', 'many', 'think', 'make', 'about', 'just', 'have', 'the', 'perfact', 'holiday', '.', 'fir', ',', 'just', 'have', 'the', 'perfect', 'holiday', 'be', 'fantestc', '.', '-PRON-', 'help', 'to', '-PRON-', 'have', 'now', '.', '-PRON-', 'want', 'to', 'sahara', 'disert', 'in', 'the', 'uae', '.', '-PRON-', 'will', 'not', 'there', 'with', 'farend', ',', 'father', ',', 'mathar', 'and', 'sister', '.', '-PRON-', 'see', 'be', 'fantestc', 'and', 'entersting', '.', 'then', ',', '-PRON-', 'be', 'unentersting', 'and', 'wonderful', 'so', 'that', 'group', '-PRON-', 'go', 'there', 'with', ',', '-PRON-', 'describe', '-PRON-', 'favourite', 'disert', 'be', 'very', 'hot', '.', 'next', ',', '-PRON-', 'be', 'very', 'important', 'in', 'be', 'sahara', '.', '-PRON-', 'help', 'agood', 'interesting', '.', '-PRON-', 'will', 'not', 'like', 'agood', 'know', 'about', 'filt', '.', 'after', 'there', ',', '-PRON-', 'summer', 'in', 'the', 'sahara', 'disert', '-PRON-', 'very', 'hot', 'and', 'sun', '.', '-PRON-', 'live', 'in', 'the', 'very', 'cleimp', 'in', 'terasting', '.', 'in', 'sumup', ',', 'there', 'make', 'just', 'have', 'the', 'perfact', 'holiday', '.', 'ican', 'be', 'fantestc', ',', 'intersting', 'and', 'wonderful', '.']"
1445,200607056,2,"				CEPA 2 200607056



Holidy is import<x>e</x>nt to the life . I can bescribe have just I <o>had</o> the worst holiday ever .
So I go to the sopping with my frand and family .I <o>ingoy</o> my time . but sad<x>a</x>nly I full I am not good .bucones I eat the badlly food . I full so bad .peopul should eat a good food . they should eat at halthy food.they sould becairful where they eat the food . I believe peopul <x>eat</x> the halthy food .
I think peopul no to ea<x>t</x> the good food. As I see peopul andr<x>a</x>stund what the do to ead.in my opinion to them dont eat many difrant foot in the day.
this is the bad holiday happened to my .
",Holidy is import~~e~~nt to the life . I can bescribe have just I _had_ the worst holiday ever . So I go to the sopping with my frand and family .I _ingoy_ my time . but sad~~a~~nly I full I am not good .bucones I eat the badlly food . I full so bad .peopul should eat a good food . they should eat at halthy food.they sould becairful where they eat the food . I believe peopul ~~eat~~ the halthy food . I think peopul no to ea~~t~~ the good food. As I see peopul andr~~a~~stund what the do to ead.in my opinion to them dont eat many difrant foot in the day. this is the bad holiday happened to my .,Holidy is importnt to the life . I can bescribe have just I had the worst holiday ever . So I go to the sopping with my frand and family .I ingoy my time . but sadnly I full I am not good .bucones I eat the badlly food . I full so bad .peopul should eat a good food . they should eat at halthy food.they sould becairful where they eat the food . I believe peopul  the halthy food . I think peopul no to ea the good food. As I see peopul andrstund what the do to ead.in my opinion to them dont eat many difrant foot in the day. this is the bad holiday happened to my .,"['Holidy', 'is', 'importnt', 'to', 'the', 'life', '.', 'I', 'can', 'bescribe', 'have', 'just', 'I', 'had', 'the', 'worst', 'holiday', 'ever', '.', 'So', 'I', 'go', 'to', 'the', 'sopping', 'with', 'my', 'frand', 'and', 'family', '.I', 'ingoy', 'my', 'time', '.', 'but', 'sadnly', 'I', 'full', 'I', 'am', 'not', 'good', '.bucones', 'I', 'eat', 'the', 'badlly', 'food', '.', 'I', 'full', 'so', 'bad', '.peopul', 'should', 'eat', 'a', 'good', 'food', '.', 'they', 'should', 'eat', 'at', 'halthy', 'food.they', 'sould', 'becairful', 'where', 'they', 'eat', 'the', 'food', '.', 'I', 'believe', 'peopul', 'the', 'halthy', 'food', '.', 'I', 'think', 'peopul', 'no', 'to', 'ea', 'the', 'good', 'food', '.', 'As', 'I', 'see', 'peopul', 'andrstund', 'what', 'the', 'do', 'to', 'ead.in', 'my', 'opinion', 'to', 'them', 'dont', 'eat', 'many', 'difrant', 'foot', 'in', 'the', 'day', '.', 'this', 'is', 'the', 'bad', 'holiday', 'happened', 'to', 'my', '.']",124,0.5564516129032258,6.1963829199237335,"[(Holidy, 'NNP'), (is, 'VBZ'), (importnt, 'NNS'), (to, 'IN'), (the, 'DT'), (life, 'NN'), (., '.'), (I, 'PRP'), (can, 'MD'), (bescribe, 'VB'), (have, 'VB'), (just, 'RB'), (I, 'PRP'), (had, 'VBD'), (the, 'DT'), (worst, 'JJS'), (holiday, 'NN'), (ever, 'RB'), (., '.'), (So, 'RB'), (I, 'PRP'), (go, 'VBP'), (to, 'IN'), (the, 'DT'), (sopping, 'NN'), (with, 'IN'), (my, 'PRP$'), (frand, 'NN'), (and, 'CC'), (family, 'NN'), (.I, 'NFP'), (ingoy, 'VBP'), (my, 'PRP$'), (time, 'NN'), (., '.'), (but, 'CC'), (sadnly, 'RB'), (I, 'PRP'), (full, 'JJ'), (I, 'PRP'), (am, 'VBP'), (not, 'RB'), (good, 'JJ'), (.bucones, '.'), (I, 'PRP'), (eat, 'VBP'), (the, 'DT'), (badlly, 'JJ'), (food, 'NN'), (., '.'), (I, 'PRP'), (full, 'VBP'), (so, 'RB'), (bad, 'JJ'), (.peopul, '.'), (should, 'MD'), (eat, 'VB'), (a, 'DT'), (good, 'JJ'), (food, 'NN'), (., '.'), (they, 'PRP'), (should, 'MD'), (eat, 'VB'), (at, 'IN'), (halthy, 'JJ'), (food.they, 'PRP'), (sould, 'NN'), (becairful, 'JJ'), (where, 'WRB'), (they, 'PRP'), (eat, 'VBP'), (the, 'DT'), (food, 'NN'), (., '.'), (I, 'PRP'), (believe, 'VBP'), (peopul, 'NN'), ( , ''), (the, 'DT'), (halthy, 'JJ'), (food, 'NN'), (., '.'), (I, 'PRP'), (think, 'VBP'), (peopul, 'JJ'), (no, 'UH'), (to, 'IN'), (ea, 'NNP'), (the, 'DT'), (good, 'JJ'), (food, 'NN'), (., '.'), (As, 'IN'), (I, 'PRP'), (see, 'VBP'), (peopul, 'NN'), (andrstund, 'IN'), (what, 'WP'), (the, 'DT'), (do, 'VB'), (to, 'TO'), (ead.in, 'VB'), (my, 'PRP$'), (opinion, 'NN'), (to, 'IN'), (them, 'PRP'), (do, 'VBP'), (nt, 'RB'), (eat, 'VB'), (many, 'JJ'), (difrant, 'JJ'), (foot, 'NN'), (in, 'IN'), (the, 'DT'), (day, 'NN'), (., '.'), (this, 'DT'), (is, 'VBZ'), (the, 'DT'), (bad, 'JJ'), (holiday, 'NN'), (happened, 'VBD'), (to, 'IN'), (my, 'PRP$'), (., '.')]","['holidy', 'be', 'importnt', 'to', 'the', 'life', '.', '-PRON-', 'can', 'bescribe', 'have', 'just', '-PRON-', 'have', 'the', 'bad', 'holiday', 'ever', '.', 'so', '-PRON-', 'go', 'to', 'the', 'sopping', 'with', '-PRON-', 'frand', 'and', 'family', '.i', 'ingoy', '-PRON-', 'time', '.', 'but', 'sadnly', '-PRON-', 'full', '-PRON-', 'be', 'not', 'good', '.bucones', '-PRON-', 'eat', 'the', 'badlly', 'food', '.', '-PRON-', 'full', 'so', 'bad', '.peopul', 'should', 'eat', 'a', 'good', 'food', '.', '-PRON-', 'should', 'eat', 'at', 'halthy', 'food.they', 'sould', 'becairful', 'where', '-PRON-', 'eat', 'the', 'food', '.', '-PRON-', 'believe', 'peopul', ' ', 'the', 'halthy', 'food', '.', '-PRON-', 'think', 'peopul', 'no', 'to', 'ea', 'the', 'good', 'food', '.', 'as', '-PRON-', 'see', 'peopul', 'andrstund', 'what', 'the', 'do', 'to', 'ead.in', '-PRON-', 'opinion', 'to', '-PRON-', 'do', 'not', 'eat', 'many', 'difrant', 'foot', 'in', 'the', 'day', '.', 'this', 'be', 'the', 'bad', 'holiday', 'happen', 'to', '-PRON-', '.']"
849,200612350,1,"				CEPA 1 200612350



The is Imaging you have just had the perfect XXX you is holiday the Describe is it yare is \Here are is the some ideas to bay h<i>e</i>lp you could describe you where you are went  is who you went there with what you sawand The is did why is it was so xxx wonderful is you une.
",The is Imaging you have just had the perfect XXX you is holiday the Describe is it yare is \Here are is the some ideas to bay h^e^lp you could describe you where you are went is who you went there with what you sawand The is did why is it was so xxx wonderful is you une.,The is Imaging you have just had the perfect XXX you is holiday the Describe is it yare is \Here are is the some ideas to bay help you could describe you where you are went is who you went there with what you sawand The is did why is it was so xxx wonderful is you une.,"['The', 'is', 'Imaging', 'you', 'have', 'just', 'had', 'the', 'perfect', 'XXX', 'you', 'is', 'holiday', 'the', 'Describe', 'is', 'it', 'yare', 'is', '\\Here', 'are', 'is', 'the', 'some', 'ideas', 'to', 'bay', 'help', 'you', 'could', 'describe', 'you', 'where', 'you', 'are', 'went', 'is', 'who', 'you', 'went', 'there', 'with', 'what', 'you', 'sawand', 'The', 'is', 'did', 'why', 'is', 'it', 'was', 'so', 'xxx', 'wonderful', 'is', 'you', 'une', '.']",59,0.5932203389830508,4.556611884328835,"[(The, 'DT'), (is, 'VBZ'), (Imaging, 'VBG'), (you, 'PRP'), (have, 'VBP'), (just, 'RB'), (had, 'VBN'), (the, 'DT'), (perfect, 'JJ'), (XXX, 'NNP'), (you, 'PRP'), (is, 'VBZ'), (holiday, 'NN'), (the, 'DT'), (Describe, 'NNP'), (is, 'VBZ'), (it, 'PRP'), (yare, 'JJ'), (is, 'VBZ'), (\Here, 'EX'), (are, 'VBP'), (is, 'VBZ'), (the, 'DT'), (some, 'DT'), (ideas, 'NNS'), (to, 'IN'), (bay, 'NN'), (help, 'NN'), (you, 'PRP'), (could, 'MD'), (describe, 'VB'), (you, 'PRP'), (where, 'WRB'), (you, 'PRP'), (are, 'VBP'), (went, 'VBN'), (is, 'VBZ'), (who, 'WP'), (you, 'PRP'), (went, 'VBD'), (there, 'RB'), (with, 'IN'), (what, 'WP'), (you, 'PRP'), (sawand, 'VBP'), (The, 'DT'), (is, 'VBZ'), (did, 'VBN'), (why, 'WRB'), (is, 'VBZ'), (it, 'PRP'), (was, 'VBD'), (so, 'RB'), (xxx, 'NN'), (wonderful, 'JJ'), (is, 'VBZ'), (you, 'PRP'), (une, 'JJ'), (., '.')]","['the', 'be', 'image', '-PRON-', 'have', 'just', 'have', 'the', 'perfect', 'xxx', '-PRON-', 'be', 'holiday', 'the', 'describe', 'be', '-PRON-', 'yare', 'be', '\\here', 'be', 'be', 'the', 'some', 'idea', 'to', 'bay', 'help', '-PRON-', 'could', 'describe', '-PRON-', 'where', '-PRON-', 'be', 'go', 'be', 'who', '-PRON-', 'go', 'there', 'with', 'what', '-PRON-', 'sawand', 'the', 'be', 'do', 'why', 'be', '-PRON-', 'be', 'so', 'xxx', 'wonderful', 'be', '-PRON-', 'une', '.']"
1235,200608314,5,"				CEPA 5 200608314



Last summer I had a perfect holiday. We travelled to India where my grandparents lives. So I went with my mother, my uncle and my brothers and sisters. When  we went there I have seen many beautiful things and places. So I made there many friend such as my boy friend or girl friend that I can go with them like a tourist. I saw the prashuse places like “Taj Mahal” and “Char Minar” it was a big market there that you can found what you need. Also I went to there beach but it was not very good or clean because the durt on the sand and in the sea, but it was very funny I played with my friends vollyball and skaited on the rouds. I was very happy with my new friends there because only they make my holiday wonderful. We stayed there 3 months before back to school. I like playing video games so I took my friend and go to the center for video games and play there for 5 and 6 hours per day. I am very lucky to have this journey to the India this was the best holiday that I had. I hope  that every summer I travel to the India to spend all my time there.
","Last summer I had a perfect holiday. We travelled to India where my grandparents lives. So I went with my mother, my uncle and my brothers and sisters. When we went there I have seen many beautiful things and places. So I made there many friend such as my boy friend or girl friend that I can go with them like a tourist. I saw the prashuse places like ""Taj Mahal"" and ""Char Minar"" it was a big market there that you can found what you need. Also I went to there beach but it was not very good or clean because the durt on the sand and in the sea, but it was very funny I played with my friends vollyball and skaited on the rouds. I was very happy with my new friends there because only they make my holiday wonderful. We stayed there 3 months before back to school. I like playing video games so I took my friend and go to the center for video games and play there for 5 and 6 hours per day. I am very lucky to have this journey to the India this was the best holiday that I had. I hope that every summer I travel to the India to spend all my time there.","Last summer I had a perfect holiday. We travelled to India where my grandparents lives. So I went with my mother, my uncle and my brothers and sisters. When we went there I have seen many beautiful things and places. So I made there many friend such as my boy friend or girl friend that I can go with them like a tourist. I saw the prashuse places like ""Taj Mahal"" and ""Char Minar"" it was a big market there that you can found what you need. Also I went to there beach but it was not very good or clean because the durt on the sand and in the sea, but it was very funny I played with my friends vollyball and skaited on the rouds. I was very happy with my new friends there because only they make my holiday wonderful. We stayed there 3 months before back to school. I like playing video games so I took my friend and go to the center for video games and play there for 5 and 6 hours per day. I am very lucky to have this journey to the India this was the best holiday that I had. I hope that every summer I travel to the India to spend all my time there.","['Last', 'summer', 'I', 'had', 'a', 'perfect', 'holiday', '.', 'We', 'travelled', 'to', 'India', 'where', 'my', 'grandparents', 'lives', '.', 'So', 'I', 'went', 'with', 'my', 'mother', ',', 'my', 'uncle', 'and', 'my', 'brothers', 'and', 'sisters', '.', 'When', 'we', 'went', 'there', 'I', 'have', 'seen', 'many', 'beautiful', 'things', 'and', 'places', '.', 'So', 'I', 'made', 'there', 'many', 'friend', 'such', 'as', 'my', 'boy', 'friend', 'or', 'girl', 'friend', 'that', 'I', 'can', 'go', 'with', 'them', 'like', 'a', 'tourist', '.', 'I', 'saw', 'the', 'prashuse', 'places', 'like', '``', 'Taj', 'Mahal', ""''"", 'and', '``', 'Char', 'Minar', ""''"", 'it', 'was', 'a', 'big', 'market', 'there', 'that', 'you', 'can', 'found', 'what', 'you', 'need', '.', 'Also', 'I', 'went', 'to', 'there', 'beach', 'but', 'it', 'was', 'not', 'very', 'good', 'or', 'clean', 'because', 'the', 'durt', 'on', 'the', 'sand', 'and', 'in', 'the', 'sea', ',', 'but', 'it', 'was', 'very', 'funny', 'I', 'played', 'with', 'my', 'friends', 'vollyball', 'and', 'skaited', 'on', 'the', 'rouds', '.', 'I', 'was', 'very', 'happy', 'with', 'my', 'new', 'friends', 'there', 'because', 'only', 'they', 'make', 'my', 'holiday', 'wonderful', '.', 'We', 'stayed', 'there', '3', 'months', 'before', 'back', 'to', 'school', '.', 'I', 'like', 'playing', 'video', 'games', 'so', 'I', 'took', 'my', 'friend', 'and', 'go', 'to', 'the', 'center', 'for', 'video', 'games', 'and', 'play', 'there', 'for', '5', 'and', '6', 'hours', 'per', 'day', '.', 'I', 'am', 'very', 'lucky', 'to', 'have', 'this', 'journey', 'to', 'the', 'India', 'this', 'was', 'the', 'best', 'holiday', 'that', 'I', 'had', '.', 'I', 'hope', 'that', 'every', 'summer', 'I', 'travel', 'to', 'the', 'India', 'to', 'spend', 'all', 'my', 'time', 'there', '.']",233,0.5021459227467812,7.664924850340895,"[(Last, 'JJ'), (summer, 'NN'), (I, 'PRP'), (had, 'VBD'), (a, 'DT'), (perfect, 'JJ'), (holiday, 'NN'), (., '.'), (We, 'PRP'), (travelled, 'VBD'), (to, 'IN'), (India, 'NNP'), (where, 'WRB'), (my, 'PRP$'), (grandparents, 'NNS'), (lives, 'VBZ'), (., '.'), (So, 'RB'), (I, 'PRP'), (went, 'VBD'), (with, 'IN'), (my, 'PRP$'), (mother, 'NN'), (,, ','), (my, 'PRP$'), (uncle, 'NN'), (and, 'CC'), (my, 'PRP$'), (brothers, 'NNS'), (and, 'CC'), (sisters, 'NNS'), (., '.'), (When, 'WRB'), (we, 'PRP'), (went, 'VBD'), (there, 'RB'), (I, 'PRP'), (have, 'VBP'), (seen, 'VBN'), (many, 'JJ'), (beautiful, 'JJ'), (things, 'NNS'), (and, 'CC'), (places, 'NNS'), (., '.'), (So, 'RB'), (I, 'PRP'), (made, 'VBD'), (there, 'RB'), (many, 'JJ'), (friend, 'NN'), (such, 'JJ'), (as, 'IN'), (my, 'PRP$'), (boy, 'NN'), (friend, 'NN'), (or, 'CC'), (girl, 'NN'), (friend, 'NN'), (that, 'IN'), (I, 'PRP'), (can, 'MD'), (go, 'VB'), (with, 'IN'), (them, 'PRP'), (like, 'IN'), (a, 'DT'), (tourist, 'NN'), (., '.'), (I, 'PRP'), (saw, 'VBD'), (the, 'DT'), (prashuse, 'NN'), (places, 'NNS'), (like, 'IN'), ("", '``'), (Taj, 'NNP'), (Mahal, 'NNP'), ("", ""''""), (and, 'CC'), ("", '``'), (Char, 'NNP'), (Minar, 'NNP'), ("", ""''""), (it, 'PRP'), (was, 'VBD'), (a, 'DT'), (big, 'JJ'), (market, 'NN'), (there, 'RB'), (that, 'IN'), (you, 'PRP'), (can, 'MD'), (found, 'VBD'), (what, 'WP'), (you, 'PRP'), (need, 'VBP'), (., '.'), (Also, 'RB'), (I, 'PRP'), (went, 'VBD'), (to, 'IN'), (there, 'EX'), (beach, 'VB'), (but, 'CC'), (it, 'PRP'), (was, 'VBD'), (not, 'RB'), (very, 'RB'), (good, 'JJ'), (or, 'CC'), (clean, 'JJ'), (because, 'IN'), (the, 'DT'), (durt, 'NN'), (on, 'IN'), (the, 'DT'), (sand, 'NN'), (and, 'CC'), (in, 'IN'), (the, 'DT'), (sea, 'NN'), (,, ','), (but, 'CC'), (it, 'PRP'), (was, 'VBD'), (very, 'RB'), (funny, 'JJ'), (I, 'PRP'), (played, 'VBD'), (with, 'IN'), (my, 'PRP$'), (friends, 'NNS'), (vollyball, 'NN'), (and, 'CC'), (skaited, 'VBN'), (on, 'IN'), (the, 'DT'), (rouds, 'NNS'), (., '.'), (I, 'PRP'), (was, 'VBD'), (very, 'RB'), (happy, 'JJ'), (with, 'IN'), (my, 'PRP$'), (new, 'JJ'), (friends, 'NNS'), (there, 'RB'), (because, 'IN'), (only, 'RB'), (they, 'PRP'), (make, 'VBP'), (my, 'PRP$'), (holiday, 'NN'), (wonderful, 'JJ'), (., '.'), (We, 'PRP'), (stayed, 'VBD'), (there, 'RB'), (3, 'CD'), (months, 'NNS'), (before, 'IN'), (back, 'RB'), (to, 'IN'), (school, 'NN'), (., '.'), (I, 'PRP'), (like, 'VBP'), (playing, 'VBG'), (video, 'NN'), (games, 'NNS'), (so, 'RB'), (I, 'PRP'), (took, 'VBD'), (my, 'PRP$'), (friend, 'NN'), (and, 'CC'), (go, 'VB'), (to, 'IN'), (the, 'DT'), (center, 'NN'), (for, 'IN'), (video, 'NN'), (games, 'NNS'), (and, 'CC'), (play, 'VB'), (there, 'RB'), (for, 'IN'), (5, 'CD'), (and, 'CC'), (6, 'CD'), (hours, 'NNS'), (per, 'IN'), (day, 'NN'), (., '.'), (I, 'PRP'), (am, 'VBP'), (very, 'RB'), (lucky, 'JJ'), (to, 'TO'), (have, 'VB'), (this, 'DT'), (journey, 'NN'), (to, 'IN'), (the, 'DT'), (India, 'NNP'), (this, 'DT'), (was, 'VBD'), (the, 'DT'), (best, 'JJS'), (holiday, 'NN'), (that, 'WDT'), (I, 'PRP'), (had, 'VBD'), (., '.'), (I, 'PRP'), (hope, 'VBP'), (that, 'IN'), (every, 'DT'), (summer, 'NN'), (I, 'PRP'), (travel, 'VBP'), (to, 'IN'), (the, 'DT'), (India, 'NNP'), (to, 'TO'), (spend, 'VB'), (all, 'PDT'), (my, 'PRP$'), (time, 'NN'), (there, 'RB'), (., '.')]","['last', 'summer', '-PRON-', 'have', 'a', 'perfect', 'holiday', '.', '-PRON-', 'travel', 'to', 'india', 'where', '-PRON-', 'grandparent', 'live', '.', 'so', '-PRON-', 'go', 'with', '-PRON-', 'mother', ',', '-PRON-', 'uncle', 'and', '-PRON-', 'brother', 'and', 'sister', '.', 'when', '-PRON-', 'go', 'there', '-PRON-', 'have', 'see', 'many', 'beautiful', 'thing', 'and', 'place', '.', 'so', '-PRON-', 'make', 'there', 'many', 'friend', 'such', 'as', '-PRON-', 'boy', 'friend', 'or', 'girl', 'friend', 'that', '-PRON-', 'can', 'go', 'with', '-PRON-', 'like', 'a', 'tourist', '.', '-PRON-', 'see', 'the', 'prashuse', 'place', 'like', '""', 'taj', 'mahal', '""', 'and', '""', 'char', 'minar', '""', '-PRON-', 'be', 'a', 'big', 'market', 'there', 'that', '-PRON-', 'can', 'find', 'what', '-PRON-', 'need', '.', 'also', '-PRON-', 'go', 'to', 'there', 'beach', 'but', '-PRON-', 'be', 'not', 'very', 'good', 'or', 'clean', 'because', 'the', 'durt', 'on', 'the', 'sand', 'and', 'in', 'the', 'sea', ',', 'but', '-PRON-', 'be', 'very', 'funny', '-PRON-', 'play', 'with', '-PRON-', 'friend', 'vollyball', 'and', 'skait', 'on', 'the', 'roud', '.', '-PRON-', 'be', 'very', 'happy', 'with', '-PRON-', 'new', 'friend', 'there', 'because', 'only', '-PRON-', 'make', '-PRON-', 'holiday', 'wonderful', '.', '-PRON-', 'stay', 'there', '3', 'month', 'before', 'back', 'to', 'school', '.', '-PRON-', 'like', 'play', 'video', 'game', 'so', '-PRON-', 'take', '-PRON-', 'friend', 'and', 'go', 'to', 'the', 'center', 'for', 'video', 'game', 'and', 'play', 'there', 'for', '5', 'and', '6', 'hour', 'per', 'day', '.', '-PRON-', 'be', 'very', 'lucky', 'to', 'have', 'this', 'journey', 'to', 'the', 'india', 'this', 'be', 'the', 'good', 'holiday', 'that', '-PRON-', 'have', '.', '-PRON-', 'hope', 'that', 'every', 'summer', '-PRON-', 'travel', 'to', 'the', 'india', 'to', 'spend', 'all', '-PRON-', 'time', 'there', '.']"
1661,200611115,3,"				CEPA 3 200611115



I think the prefect holiday is very important becouse the can give you energy and I can interecting.
I went to go Al Mbazra with my family and <x>my</x> friends. I can play with us and I can see many things like trees, pepole and strets. I can swimming in the pool. the holiday is wonderful becouse I give energy.
In my opiniion the prefect holiday is very important for me.
","I think the prefect holiday is very important becouse the can give you energy and I can interecting. I went to go Al Mbazra with my family and ~~my~~ friends. I can play with us and I can see many things like trees, pepole and strets. I can swimming in the pool. the holiday is wonderful becouse I give energy. In my opiniion the prefect holiday is very important for me.","I think the prefect holiday is very important becouse the can give you energy and I can interecting. I went to go Al Mbazra with my family and  friends. I can play with us and I can see many things like trees, pepole and strets. I can swimming in the pool. the holiday is wonderful becouse I give energy. In my opiniion the prefect holiday is very important for me.","['I', 'think', 'the', 'prefect', 'holiday', 'is', 'very', 'important', 'becouse', 'the', 'can', 'give', 'you', 'energy', 'and', 'I', 'can', 'interecting', '.', 'I', 'went', 'to', 'go', 'Al', 'Mbazra', 'with', 'my', 'family', 'and', 'friends', '.', 'I', 'can', 'play', 'with', 'us', 'and', 'I', 'can', 'see', 'many', 'things', 'like', 'trees', ',', 'pepole', 'and', 'strets', '.', 'I', 'can', 'swimming', 'in', 'the', 'pool', '.', 'the', 'holiday', 'is', 'wonderful', 'becouse', 'I', 'give', 'energy', '.', 'In', 'my', 'opiniion', 'the', 'prefect', 'holiday', 'is', 'very', 'important', 'for', 'me', '.']",77,0.5454545454545454,4.786344211304794,"[(I, 'PRP'), (think, 'VBP'), (the, 'DT'), (prefect, 'JJ'), (holiday, 'NN'), (is, 'VBZ'), (very, 'RB'), (important, 'JJ'), (becouse, 'NN'), (the, 'DT'), (can, 'MD'), (give, 'VB'), (you, 'PRP'), (energy, 'NN'), (and, 'CC'), (I, 'PRP'), (can, 'MD'), (interecting, 'VBG'), (., '.'), (I, 'PRP'), (went, 'VBD'), (to, 'TO'), (go, 'VB'), (Al, 'NNP'), (Mbazra, 'NNP'), (with, 'IN'), (my, 'PRP$'), (family, 'NN'), (and, 'CC'), ( , ''), (friends, 'NNS'), (., '.'), (I, 'PRP'), (can, 'MD'), (play, 'VB'), (with, 'IN'), (us, 'PRP'), (and, 'CC'), (I, 'PRP'), (can, 'MD'), (see, 'VB'), (many, 'JJ'), (things, 'NNS'), (like, 'IN'), (trees, 'NNS'), (,, ','), (pepole, 'NNS'), (and, 'CC'), (strets, 'NNS'), (., '.'), (I, 'PRP'), (can, 'MD'), (swimming, 'VBG'), (in, 'IN'), (the, 'DT'), (pool, 'NN'), (., '.'), (the, 'DT'), (holiday, 'NN'), (is, 'VBZ'), (wonderful, 'JJ'), (becouse, 'NN'), (I, 'PRP'), (give, 'VBP'), (energy, 'NN'), (., '.'), (In, 'IN'), (my, 'PRP$'), (opiniion, 'NN'), (the, 'DT'), (prefect, 'JJ'), (holiday, 'NN'), (is, 'VBZ'), (very, 'RB'), (important, 'JJ'), (for, 'IN'), (me, 'PRP'), (., '.')]","['-PRON-', 'think', 'the', 'prefect', 'holiday', 'be', 'very', 'important', 'becouse', 'the', 'can', 'give', '-PRON-', 'energy', 'and', '-PRON-', 'can', 'interect', '.', '-PRON-', 'go', 'to', 'go', 'al', 'mbazra', 'with', '-PRON-', 'family', 'and', ' ', 'friend', '.', '-PRON-', 'can', 'play', 'with', '-PRON-', 'and', '-PRON-', 'can', 'see', 'many', 'thing', 'like', 'tree', ',', 'pepole', 'and', 'stret', '.', '-PRON-', 'can', 'swim', 'in', 'the', 'pool', '.', 'the', 'holiday', 'be', 'wonderful', 'becouse', '-PRON-', 'give', 'energy', '.', 'in', '-PRON-', 'opiniion', 'the', 'prefect', 'holiday', 'be', 'very', 'important', 'for', '-PRON-', '.']"
1480,200605917,1,"				CEPA 1 200605917



Describe the mone beautiful place you know the school  is very important in our life .No bady can ignore school and its effects in many sends in our life.
 The school beautiful.Whereit is the Dhabi.What you can see there i see tejer and bady and sester.You do there im rebek the book and writing and hlp eng the tejers. I am very happy and live the school and like it so much she writing. The happened the help and writing and you were with the cabe market ta eating. The go i school at 7,5cloce.
 Few lines which mentoned above about bescribe the most beautiful <i>school</i>are not euough to cover the whole idea about.Describe the most school but the are given the generoh idea.
","Describe the mone beautiful place you know the school is very important in our life .No bady can ignore school and its effects in many sends in our life. The school beautiful.Whereit is the Dhabi.What you can see there i see tejer and bady and sester.You do there im rebek the book and writing and hlp eng the tejers. I am very happy and live the school and like it so much she writing. The happened the help and writing and you were with the cabe market ta eating. The go i school at 7,5cloce. Few lines which mentoned above about bescribe the most beautiful ^school^are not euough to cover the whole idea about.Describe the most school but the are given the generoh idea.","Describe the mone beautiful place you know the school is very important in our life .No bady can ignore school and its effects in many sends in our life. The school beautiful.Whereit is the Dhabi.What you can see there i see tejer and bady and sester.You do there im rebek the book and writing and hlp eng the tejers. I am very happy and live the school and like it so much she writing. The happened the help and writing and you were with the cabe market ta eating. The go i school at 7,5cloce. Few lines which mentoned above about bescribe the most beautiful schoolare not euough to cover the whole idea about.Describe the most school but the are given the generoh idea.","['Describe', 'the', 'mone', 'beautiful', 'place', 'you', 'know', 'the', 'school', 'is', 'very', 'important', 'in', 'our', 'life', '.No', 'bady', 'can', 'ignore', 'school', 'and', 'its', 'effects', 'in', 'many', 'sends', 'in', 'our', 'life', '.', 'The', 'school', 'beautiful.Whereit', 'is', 'the', 'Dhabi.What', 'you', 'can', 'see', 'there', 'i', 'see', 'tejer', 'and', 'bady', 'and', 'sester.You', 'do', 'there', 'im', 'rebek', 'the', 'book', 'and', 'writing', 'and', 'hlp', 'eng', 'the', 'tejers', '.', 'I', 'am', 'very', 'happy', 'and', 'live', 'the', 'school', 'and', 'like', 'it', 'so', 'much', 'she', 'writing', '.', 'The', 'happened', 'the', 'help', 'and', 'writing', 'and', 'you', 'were', 'with', 'the', 'cabe', 'market', 'ta', 'eating', '.', 'The', 'go', 'i', 'school', 'at', '7,5cloce', '.', 'Few', 'lines', 'which', 'mentoned', 'above', 'about', 'bescribe', 'the', 'most', 'beautiful', 'schoolare', 'not', 'euough', 'to', 'cover', 'the', 'whole', 'idea', 'about.Describe', 'the', 'most', 'school', 'but', 'the', 'are', 'given', 'the', 'generoh', 'idea', '.']",130,0.6,6.841052550594827,"[(Describe, 'VB'), (the, 'DT'), (mone, 'NN'), (beautiful, 'JJ'), (place, 'NN'), (you, 'PRP'), (know, 'VBP'), (the, 'DT'), (school, 'NN'), (is, 'VBZ'), (very, 'RB'), (important, 'JJ'), (in, 'IN'), (our, 'PRP$'), (life, 'NN'), (.No, 'NFP'), (bady, 'NN'), (can, 'MD'), (ignore, 'VB'), (school, 'NN'), (and, 'CC'), (its, 'PRP$'), (effects, 'NNS'), (in, 'IN'), (many, 'JJ'), (sends, 'NNS'), (in, 'IN'), (our, 'PRP$'), (life, 'NN'), (., '.'), (The, 'DT'), (school, 'NN'), (beautiful, 'JJ'), (., '.'), (Whereit, 'NNP'), (is, 'VBZ'), (the, 'DT'), (Dhabi, 'NNP'), (., '.'), (What, 'WP'), (you, 'PRP'), (can, 'MD'), (see, 'VB'), (there, 'RB'), (i, 'PRP'), (see, 'VBP'), (tejer, 'NN'), (and, 'CC'), (bady, 'VB'), (and, 'CC'), (sester, 'JJ'), (., '.'), (You, 'PRP'), (do, 'VBP'), (there, 'RB'), (i, 'PRP'), (m, 'VBP'), (rebek, 'NN'), (the, 'DT'), (book, 'NN'), (and, 'CC'), (writing, 'NN'), (and, 'CC'), (hlp, 'NN'), (eng, 'CC'), (the, 'DT'), (tejers, 'NNS'), (., '.'), (I, 'PRP'), (am, 'VBP'), (very, 'RB'), (happy, 'JJ'), (and, 'CC'), (live, 'VB'), (the, 'DT'), (school, 'NN'), (and, 'CC'), (like, 'UH'), (it, 'PRP'), (so, 'RB'), (much, 'RB'), (she, 'PRP'), (writing, 'VBG'), (., '.'), (The, 'DT'), (happened, 'VBD'), (the, 'DT'), (help, 'NN'), (and, 'CC'), (writing, 'NN'), (and, 'CC'), (you, 'PRP'), (were, 'VBD'), (with, 'IN'), (the, 'DT'), (cabe, 'JJ'), (market, 'NN'), (ta, 'IN'), (eating, 'VBG'), (., '.'), (The, 'DT'), (go, 'NN'), (i, 'PRP'), (school, 'NN'), (at, 'IN'), (7,5cloce, 'CD'), (., '.'), (Few, 'JJ'), (lines, 'NNS'), (which, 'WDT'), (mentoned, 'VBD'), (above, 'RB'), (about, 'IN'), (bescribe, 'NN'), (the, 'DT'), (most, 'RBS'), (beautiful, 'JJ'), (schoolare, 'RB'), (not, 'RB'), (euough, 'NN'), (to, 'TO'), (cover, 'VB'), (the, 'DT'), (whole, 'JJ'), (idea, 'NN'), (about, 'IN'), (., '.'), (Describe, 'VB'), (the, 'DT'), (most, 'JJS'), (school, 'NN'), (but, 'CC'), (the, 'DT'), (are, 'VBP'), (given, 'VBN'), (the, 'DT'), (generoh, 'NN'), (idea, 'NN'), (., '.')]","['describe', 'the', 'mone', 'beautiful', 'place', '-PRON-', 'know', 'the', 'school', 'be', 'very', 'important', 'in', '-PRON-', 'life', '.no', 'bady', 'can', 'ignore', 'school', 'and', '-PRON-', 'effect', 'in', 'many', 'send', 'in', '-PRON-', 'life', '.', 'the', 'school', 'beautiful', '.', 'whereit', 'be', 'the', 'dhabi', '.', 'what', '-PRON-', 'can', 'see', 'there', 'i', 'see', 'tejer', 'and', 'bady', 'and', 'sester', '.', '-PRON-', 'do', 'there', '-PRON-', 'be', 'rebek', 'the', 'book', 'and', 'writing', 'and', 'hlp', 'eng', 'the', 'tejer', '.', '-PRON-', 'be', 'very', 'happy', 'and', 'live', 'the', 'school', 'and', 'like', '-PRON-', 'so', 'much', '-PRON-', 'write', '.', 'the', 'happen', 'the', 'help', 'and', 'writing', 'and', '-PRON-', 'be', 'with', 'the', 'cabe', 'market', 'ta', 'eat', '.', 'the', 'go', 'i', 'school', 'at', '7,5cloce', '.', 'few', 'line', 'which', 'menton', 'above', 'about', 'bescribe', 'the', 'most', 'beautiful', 'schoolare', 'not', 'euough', 'to', 'cover', 'the', 'whole', 'idea', 'about', '.', 'describe', 'the', 'most', 'school', 'but', 'the', 'be', 'give', 'the', 'generoh', 'idea', '.']"
